<?xml version="1.0" encoding="UTF-8"?>  
<beans  
    xmlns="http://www.springframework.org/schema/beans"  
    xmlns:xsi="http://www.w3.org/2001/XMLSchema-instance"  
    xmlns:p="http://www.springframework.org/schema/p"  
    xsi:schemaLocation="http://www.springframework.org/schema/beans  
               http://www.springframework.org/schema/beans/spring-beans-3.0.xsd">  
 
 <!-- By default first it will try to autowire based on class type then if there are more classes of same type then it go for by name
	//when it try to auto wire if there is interface instead of class then autowire will be done for there implemented class
  -->
               
<!--AUTOWIRE BY NAME IT MEANS BEAN ID AND PRPOERTY REFERENCE NAME IN THE CLASS MUST BE SAME (INJECTION USES SETTERS-GETTERS) -->
<!--  
<bean id="dev" class="com.teja.spring.autowire.Developer"></bean>  

<bean id="tl" class="com.teja.spring.autowire.TL" autowire="byName">  </bean> 

<bean id="manager" class="com.teja.spring.autowire.Manager" autowire="byName"> </bean>  
 
-->
<!--AUTOWIRE BY TYPE MEANS BEAN TYPE AND PRPOERTY TYPE IN THE CLASS MUST BE SAME (INJECTION USES SETTERS-GETTERS)  -->

 
<bean id="mydev" class="com.teja.spring.autowire.Developer" scope = "singleton" ></bean>  

<bean id="mytl" class="com.teja.spring.autowire.TL" autowire="byType">  </bean> 

<bean id="manager" class="com.teja.spring.autowire.Manager" autowire="byType" > </bean>  


<!--AUTOWIRE BY CONSTRUCTOR MEANS CLASS MUST HAVE ARGUMENT COMSTUCTOR BASED ON CONSTRUCTOR AUTOWIRE WILL BE DONE  -->
<!--NOTE: when you enable below by constructor type, go to class and enable or add argument constructors  -->
<!-- 
<bean id="devcons" class="com.teja.spring.autowire.Developer"></bean>  

<bean id="tlcons" class="com.teja.spring.autowire.TL" autowire="constructor">  </bean> 

<bean id="manager" class="com.teja.spring.autowire.Manager" autowire="constructor"> </bean>  
-->

<!-- scope types scope="prototype"   scope = "singleton" -->

</beans>  