<?xml version="1.0" encoding="UTF-8"?>  
<beans  
    xmlns="http://www.springframework.org/schema/beans"  
    xmlns:xsi="http://www.w3.org/2001/XMLSchema-instance"  
    xmlns:p="http://www.springframework.org/schema/p"  
    xsi:schemaLocation="http://www.springframework.org/schema/beans  
               http://www.springframework.org/schema/beans/spring-beans-3.0.xsd">  

<bean id="mydev" class="com.teja.spring.construtorinjection.Developer"></bean>  

<bean id="mytl" class="com.teja.spring.construtorinjection.TL">  
<constructor-arg  ref="mydev"></constructor-arg>

</bean> 

<bean id="mymanager" class="com.teja.spring.construtorinjection.Manager">  
<constructor-arg ref="mytl"></constructor-arg>
<constructor-arg  value="iam working in hcl" type="java.lang.String"></constructor-arg>

</bean>  


</beans>  