<?xml version="1.0" encoding="UTF-8"?>  
<beans xmlns="http://www.springframework.org/schema/beans"  
    xmlns:xsi="http://www.w3.org/2001/XMLSchema-instance"   
    xmlns:context="http://www.springframework.org/schema/context"  
    xmlns:mvc="http://www.springframework.org/schema/mvc"  
    xsi:schemaLocation="  
        http://www.springframework.org/schema/beans  
        http://www.springframework.org/schema/beans/spring-beans.xsd  
        http://www.springframework.org/schema/context  
        http://www.springframework.org/schema/context/spring-context.xsd  
        http://www.springframework.org/schema/mvc  
        http://www.springframework.org/schema/mvc/spring-mvc.xsd"> 
        
         
 <context:property-placeholder location="classpath:mydb.properties"/>
        
<context:component-scan base-package="com.teja.jdbc.template.withxml"></context:component-scan>    
    
   
    
<bean id="ds" class="org.springframework.jdbc.datasource.DriverManagerDataSource">    
<property name="driverClassName" value="${TEJA_DB_DRIVER_CLASS}"></property>    
<property name="url" value="${TEJA_DB_URL}"></property>    
<property name="username" value="${TEJA_DB_USERNAME}"></property>    
<property name="password" value="${TEJA_DB_PASSWORD}"></property>    
</bean>    
    
<bean id="template" class="org.springframework.jdbc.core.JdbcTemplate">    
<property name="dataSource" ref="ds"></property>    
</bean>    
    
     
</beans>  