<?xml version="1.0" encoding="UTF-8"?>  
<beans  
    xmlns="http://www.springframework.org/schema/beans"  
    xmlns:xsi="http://www.w3.org/2001/XMLSchema-instance"  
    xmlns:p="http://www.springframework.org/schema/p"  
    xsi:schemaLocation="http://www.springframework.org/schema/beans  
               http://www.springframework.org/schema/beans/spring-beans-3.0.xsd">  

<bean id="mydev" class="com.teja.spring.setterinjection.Developer">   
</bean>  

<bean id="mytl" class="com.teja.spring.setterinjection.TL">  
<property name="dev" ref="mydev"></property>  
</bean>    

<bean id="mymanager" class="com.teja.spring.setterinjection.Manager">  
<property name="company" value="my compnay is HCL"></property>  
<property name="tl" ref="mytl"></property>  
</bean>  
  
</beans>  